{"cameraMode":{"drawMode":0,"name":"Shaded","section":"Shading Mode"},"sceneLighting":true,"audioPlay":false,"sceneViewState":{"showFog":false,"showMaterialUpdate":false,"showSkybox":false,"showFlares":false,"showImageEffects":false,"showParticleSystems":false},"in2DMode":false,"pivot":{"x":-19.033584594726564,"y":-5.656108856201172,"z":128.048095703125},"rotation":{"x":0.07128579914569855,"y":-0.7142793536186218,"z":0.07354222238063812,"w":0.6923343539237976},"size":79.009765625,"orthographic":false}