{"cameraMode":{"drawMode":0,"name":"Shaded","section":"Shading Mode"},"sceneLighting":true,"audioPlay":false,"sceneViewState":{"showFog":false,"showMaterialUpdate":false,"showSkybox":false,"showFlares":false,"showImageEffects":false,"showParticleSystems":false},"in2DMode":false,"pivot":{"x":59.258785247802737,"y":34.61183547973633,"z":118.75320434570313},"rotation":{"x":-0.15402592718601228,"y":0.8034384250640869,"z":-0.23590756952762605,"w":-0.5245546102523804},"size":8.534255981445313,"orthographic":false}