{"cameraMode":{"drawMode":0,"name":"Shaded","section":"Shading Mode"},"sceneLighting":true,"audioPlay":false,"sceneViewState":{"showFog":false,"showMaterialUpdate":false,"showSkybox":false,"showFlares":false,"showImageEffects":false,"showParticleSystems":false},"in2DMode":false,"pivot":{"x":43.55633544921875,"y":11.81490707397461,"z":128.54641723632813},"rotation":{"x":-0.020240746438503267,"y":0.8166692852973938,"z":-0.027981391176581384,"w":-0.5761939883232117},"size":50.607887268066409,"orthographic":false}