{"cameraMode":{"drawMode":0,"name":"Shaded","section":"Shading Mode"},"sceneLighting":true,"audioPlay":false,"sceneViewState":{"m_AlwaysRefresh":true,"showFog":true,"showSkybox":true,"showFlares":true,"showImageEffects":true,"showParticleSystems":true,"showVisualEffectGraphs":true,"m_FxEnabled":true},"in2DMode":false,"pivot":{"x":244.99252319335938,"y":211.47760009765626,"z":2.6424407958984377},"rotation":{"x":-0.0029648933559656145,"y":-0.0013384305639192463,"z":-0.0003726791765075177,"w":1.0002928972244263},"size":272.3067932128906,"orthographic":false}