{"cameraMode":{"drawMode":0,"name":"Shaded","section":"Shading Mode"},"sceneLighting":true,"audioPlay":false,"sceneViewState":{"m_AlwaysRefresh":false,"showFog":false,"showSkybox":true,"showFlares":false,"showImageEffects":false,"showParticleSystems":false,"showVisualEffectGraphs":true,"m_FxEnabled":true},"in2DMode":false,"pivot":{"x":74.23081970214844,"y":27.74956512451172,"z":132.62791442871095},"rotation":{"x":0.008092290721833706,"y":0.9890376925468445,"z":-0.14391598105430604,"w":0.03594004362821579},"size":1.6856789588928223,"orthographic":false}