{"cameraMode":{"drawMode":0,"name":"Shaded","section":"Shading Mode"},"sceneLighting":true,"audioPlay":false,"sceneViewState":{"m_AlwaysRefresh":true,"showFog":true,"showSkybox":true,"showFlares":true,"showImageEffects":true,"showParticleSystems":true,"showVisualEffectGraphs":true,"m_FxEnabled":true},"in2DMode":false,"pivot":{"x":104.24539947509766,"y":40.592308044433597,"z":137.00234985351563},"rotation":{"x":-0.011170806363224984,"y":0.6959690451622009,"z":-0.010083174332976342,"w":-0.7183019518852234},"size":-15.818097114562989,"orthographic":false}