{"cameraMode":{"drawMode":0,"name":"Shaded","section":"Shading Mode"},"sceneLighting":true,"audioPlay":false,"sceneViewState":{"m_AlwaysRefresh":true,"showFog":true,"showSkybox":true,"showFlares":true,"showImageEffects":true,"showParticleSystems":true,"showVisualEffectGraphs":true,"m_FxEnabled":true},"in2DMode":false,"pivot":{"x":799.7445678710938,"y":523.6553955078125,"z":2.2753143310546877},"rotation":{"x":-0.0029648933559656145,"y":-0.0013384305639192463,"z":-0.0003726791765075177,"w":1.0002928972244263},"size":576.9881591796875,"orthographic":false}