{"cameraMode":{"drawMode":0,"name":"Shaded","section":"Shading Mode"},"sceneLighting":true,"audioPlay":false,"sceneViewState":{"m_AlwaysRefresh":false,"showFog":false,"showSkybox":true,"showFlares":false,"showImageEffects":false,"showParticleSystems":false,"showVisualEffectGraphs":true,"m_FxEnabled":true},"in2DMode":false,"pivot":{"x":86.20272064208985,"y":26.798227310180665,"z":139.80360412597657},"rotation":{"x":-0.16138088703155518,"y":-0.10221458226442337,"z":0.016523638740181924,"w":-0.9814925193786621},"size":4.570606708526611,"orthographic":false}