{"cameraMode":{"drawMode":0,"name":"Shaded","section":"Shading Mode"},"sceneLighting":true,"audioPlay":false,"sceneViewState":{"m_AlwaysRefresh":true,"showFog":true,"showSkybox":true,"showFlares":true,"showImageEffects":true,"showParticleSystems":true,"showVisualEffectGraphs":true,"m_FxEnabled":true},"in2DMode":false,"pivot":{"x":37.34006118774414,"y":16.448848724365236,"z":133.20095825195313},"rotation":{"x":0.16924302279949189,"y":-0.7808358073234558,"z":0.23889847099781037,"w":0.5524170994758606},"size":25.874778747558595,"orthographic":false}